id	symbol	pval|float	pval_adj|float	log2FC|float	HGNC.symbol	mean1|float	cells1|int	mean2|float	cells2|int	mean_diff|float	zscore|float
Rn18s	Rn18s	0.00000E+00	0	1.64427620622545	NA	18.6151207191908	617	5.95510464895994	5470	12.6600160702309	45.9401550758436
mt-Rnr1	mt-Rnr1	0.00000E+00	0	1.86234885069631	NA	57.4698613180245	617	15.8058291307184	5727	41.6640321873061	52.6337761261245
mt-Nd1	mt-Nd1	0.00000E+00	0	1.48127229041724	MT-ND1	127.127358672781	617	45.5335627285033	5734	81.5937959442779	46.5062886823729
mt-Nd2	mt-Nd2	0.00000E+00	0	1.51784471982956	MT-ND2	176.570768576368	617	61.6597866927518	5734	114.910981883616	43.3510119536112
mt-Co1	mt-Co1	0.00000E+00	0	1.53873850055801	MT-CO1	124.678212745981	617	42.9125303821768	5733	81.7656823638044	45.1955712605257
mt-Nd4	mt-Nd4	0.00000E+00	0	1.45318777361823	MT-ND4	130.908828347838	617	47.8096788779344	5734	83.0991494699034	44.4672553187812
mt-Nd5	mt-Nd5	0.00000E+00	0	1.55454637932983	MT-ND5	97.3754983234034	617	33.1500817226097	5733	64.2254166007937	43.4518789942824
mt-Cytb	mt-Cytb	0.00000E+00	0	1.33665408161287	MT-CYB	205.55490465426	617	81.3869683433792	5734	124.167936310881	42.0984486219249
mt-Atp8	mt-Atp8	4.20837E-241	1.6880244905151e-239	1.12879769024166	MT-ATP8	25.7987610955781	617	11.7976874660221	5730	14.001073629556	33.1589481228902
mt-Rnr2	mt-Rnr2	1.87403E-221	6.76523538465081e-220	1.30798151649149	NA	111.68641918434	617	45.1085323218107	5732	66.5778868625296	31.7665868919523
Sftpc	Sftpc	3.17455E-217	1.04183088061072e-215	2.18380850242259	SFTPC	359.028712141251	617	79.020053107719	5730	280.008659033532	31.4588721268152
Gm13340	Gm13340	4.84521E-172	1.45760008439536e-170	1.21606205431939	NA	2.52453120299838	538	1.08669980209784	4188	1.43783140090054	27.9610002954276
Scd1	Scd1	8.09906E-168	2.24904587066537e-166	1.73617068475325	NA	42.0729543946438	617	12.6288427579559	5492	29.4441116366879	27.6114909849816
Lyz2	Lyz2	1.23902E-164	3.1949056736007e-163	1.83347588290937	LYZ	151.391009631738	617	42.4784682787929	5719	108.912541352945	27.3449803797169
Sftpb	Sftpb	3.70016E-154	8.9050417409903e-153	1.72097808137557	SFTPB	56.7415730467047	617	17.2121589170474	5464	39.5294141296573	26.4494717329153
Cxcl15	Cxcl15	1.31527E-151	2.96758077748241e-150	1.8263536532819	NA	85.4164605345305	617	24.0854263797446	5533	61.3310341547859	26.2267910635806
Chil1	Chil1	5.12787E-138	1.08891931101375e-136	1.51159602585334	CHI3L1	31.4650242245245	617	11.0355078831284	5397	20.4295163413961	25.0070194481417
Slc34a2	Slc34a2	1.45701E-108	2.92211689632952e-107	1.45627681939696	SLC34A2	31.9337399387961	617	11.6376898684359	5300	20.2960500703602	22.1349417597959
Sftpa1	Sftpa1	2.97643E-108	5.65521164667812e-107	1.61388191209158	SFTPA2	89.4566730606321	617	29.2271102294411	5634	60.229562831191	22.1027119666453
Fabp5	Fabp5	8.31307E-102	1.50050917278198e-100	1.23992478045929	FABP5	6.40818769603351	610	2.71319290351844	4848	3.69499479251507	21.4221132509791
Elovl1	Elovl1	9.77046E-98	1.67958910783211e-96	1.08168132928972	ELOVL1	5.12790594992794	602	2.42282209401698	4888	2.70508385591096	20.9810536044992
Npc2	Npc2	6.78285E-92	1.11300391311505e-90	1.14171432295681	NPC2	23.020567435871	617	10.4333978098615	5614	12.5871696260095	20.3314076426169
Sftpd	Sftpd	2.95613E-88	4.63983552836521e-87	1.24103791612074	SFTPD	20.4721882646491	617	8.66113141557383	5272	11.8110568490753	19.9160130069033
Fasn	Fasn	2.11728E-84	3.18474054417222e-83	0.988285580236646	FASN	2.77973707890223	559	1.40119995996104	4385	1.37853711894119	19.4663768689454
S100g	S100g	9.26510E-80	1.33787992643547e-78	1.06455363397975	S100G	6.42286935617968	613	3.07090592646037	5006	3.3519634297193	18.9109620651157
Hc	Hc	7.98189E-75	1.10825418922203e-73	1.1672822607157	C5	13.1038461236961	617	5.83460971383208	5139	7.26923640986405	18.3019640502574
Cbr2	Cbr2	4.06678E-72	5.43742984515375e-71	1.0799240038823	NA	30.8284880688187	617	14.5835316263411	5630	16.2449564424776	17.959192962503
Napsa	Napsa	3.09593E-71	3.99154179284063e-70	0.998464451220728	NAPSA	6.4989872138366	616	3.25295408345271	5070	3.24603313038389	17.8461624419287
Rbpjl	Rbpjl	3.13428E-66	3.90163716354148e-65	1.22763756020544	RBPJL	0.963755940596487	356	0.411539322834702	2071	0.552216617761785	17.1903879744389
Malat1	Malat1	2.34573E-63	2.82269995050288e-62	0.832860014829234	NA	27.2051025522813	616	15.2733576195573	5706	11.931744932724	16.8023475300573
Neat1	Neat1	2.18748E-62	2.54735563248708e-61	0.888717203774205	NA	2.4729089898906	519	1.33560365041824	4239	1.13730533947237	16.6694086302397
Lamp3	Lamp3	1.18438E-61	1.33613415134208e-60	1.09059140343525	NA	15.7262897739396	617	7.38457572478049	5214	8.34171404915908	16.5681371342621
Lars2	Lars2	1.06235E-59	1.16214231998927e-58	1.09886433221584	LARS2	1.62187913127515	431	0.757229213751618	3015	0.864649917523533	16.2954981130525
Rps19	Rps19	3.04503E-59	3.23310519049106e-58	0.818656875307321	RPS19	3.41201545466453	567	1.93450881940279	4644	1.47750663526174	16.2309910666776
Rnase4	Rnase4	7.86904E-59	8.11634936805044e-58	0.773856810028384	RNASE4	8.68497499123955	617	5.07942392274599	5506	3.60555106849356	16.1726118390002
Wfdc2	Wfdc2	3.79900E-54	3.80955389518114e-53	0.89128924468714	WFDC2	11.5253645413003	617	6.21369415988337	5353	5.3116703814169	15.4941588631574
Lrg1	Lrg1	8.14348E-47	7.94539726850904e-46	1.27394247983244	LRG1	1.17661719910607	326	0.486564358592513	1855	0.690052840513553	14.3686225512669
Cd74	Cd74	2.63561E-43	2.50382781138395e-42	0.881764054974531	CD74	18.9075476717552	617	10.2611910672903	5364	8.64635660446492	13.7975776885024
Lcn2	Lcn2	3.01768E-43	2.79328793943876e-42	0.824605765559062	LCN2	4.76348466990054	597	2.68963719412716	4846	2.07384747577338	13.7878135703037
Il33	Il33	8.05397E-43	7.26870826527996e-42	0.806029589182998	IL33	2.72892289304581	553	1.56081769825335	4429	1.16810519479246	13.7168024604577
Hp	Hp	5.91862E-42	5.21126872201363e-41	0.799473948067316	HP	1.83306773105479	500	1.0532049052177	3779	0.779862825837093	13.5713933159345
Ager	Ager	1.83045E-40	1.57331782748054e-39	0.804746840222961	AGER	2.7667701030713	566	1.58387220063939	4530	1.18289790243191	13.3175377726479
Dbi	Dbi	1.19088E-39	9.99788163670807e-39	0.654073456768457	DBI	3.25750627403272	600	2.07009144701575	5169	1.18741482701697	13.1769634691958
mt-Nd3	mt-Nd3	4.76485E-39	3.90933927656155e-38	1.14073527264471	MT-ND3	0.496974231477598	258	0.225391916627954	1460	0.271582314849644	13.0719185158579
Lpcat1	Lpcat1	1.13980E-38	9.14374518013656e-38	0.789805067431129	LPCAT1	5.60424624044797	610	3.241620671354	5097	2.36262556909397	13.0054138401172
Cst8	Cst8	6.40932E-38	5.0299241587262e-37	1.24839841879102	CST8	0.668374358690565	270	0.281328939963528	1404	0.387045418727037	12.8727332820582
Scd2	Scd2	4.92141E-36	3.78005883329553e-35	0.66602924525095	SCD	3.84063669466608	603	2.4205187222628	5113	1.42011797240327	12.533079287242
Chchd10	Chchd10	1.16488E-35	8.76086082598009e-35	0.64521580386057	CHCHD10	2.47290204019644	571	1.58116649201934	4710	0.891735548177104	12.4645772392655
Tceal9	Tceal9	4.91735E-33	3.62278313910843e-32	0.605002337948393	TCEAL9	4.10469097465862	609	2.69871246662187	5313	1.40597850803675	11.9730721649336
Snhg11	Snhg11	3.58157E-31	2.58589422084021e-30	1.01793192195949	NA	0.937961305649177	361	0.46318755315652	2166	0.474773752492657	11.6119957607552
mt-Atp6	mt-Atp6	3.60082E-30	2.54881281275987e-29	0.995522344894698	MT-ATP6	0.669419908737779	312	0.335750398720591	1965	0.333669510017189	11.4130024629961
Sfta2	Sfta2	6.99895E-29	4.8588843269923e-28	0.710933012289408	NA	4.82579792674734	610	2.94820019714903	5014	1.87759772959832	11.1520320846439
Atp6v1g1	Atp6v1g1	1.61489E-28	1.09995617350643e-27	0.500965945774219	ATP6V1G1	2.33281937939691	575	1.64844832652129	4980	0.684371052875625	11.0774026716369
Bex4	Bex4	1.17473E-27	7.85330640566059e-27	0.693008184580826	BEX4	1.48509936801192	463	0.918627119626805	3530	0.56647224838511	10.8982670577129
Scgb1a1	Scgb1a1	2.36918E-26	1.55504079352718e-25	0.559211521470823	SCGB1A1	4.2795354825702	604	2.90440509323527	5448	1.37513038933493	10.6214245811674
Acot7	Acot7	8.66742E-26	5.58739052628716e-25	0.68387536150997	ACOT7	2.2288719641546	536	1.38745250182464	4280	0.841419462329964	10.4996791731442
Lgi3	Lgi3	8.01465E-25	5.07594428424228e-24	0.612327225552957	LGI3	1.93915044185345	526	1.26847712986414	4148	0.670673311989306	10.2876032334016
Ptprf	Ptprf	1.93407E-24	1.2037925102858e-23	0.638891326193799	PTPRF	3.87282578219839	597	2.48715303134661	5075	1.38567275085178	10.2024127397562
Atp1b1	Atp1b1	2.64512E-24	1.61845644381219e-23	0.643685526808784	ATP1B1	8.66556668524489	617	5.54661877454197	5306	3.11894791070292	10.1719669847367
Prnp	Prnp	2.44158E-23	1.46901493168649e-22	0.475053608919899	PRNP	3.71771872171522	608	2.67467576507533	5281	1.04304295663989	9.95321804941644
Lyz1	Lyz1	4.17562E-23	2.47114513490557e-22	0.957508378476128	LYZ	2.69209264060279	467	1.3862809579481	3701	1.30581168265469	9.89969130181677
Bex2	Bex2	4.61107E-22	2.68483358077513e-21	0.90944638561301	BEX1	0.866315000312897	318	0.461216879155318	1979	0.405098121157579	9.65655557672946
Acly	Acly	2.82228E-21	1.6172087380819e-20	0.525793698369039	ACLY	1.67221660031316	505	1.16148299472497	4224	0.510733605588184	9.46911390775387
Rps28	Rps28	3.10139E-21	1.74937655470276e-20	0.414773589631885	RPS28	5.4497896628607	614	4.08809000580984	5602	1.36169965705085	9.45925709197144
Pon1	Pon1	6.67131E-21	3.70514485360025e-20	1.00763030020371	PON1	0.467474463603997	217	0.232504277404502	1231	0.234970186199495	9.37882320574139
Apoc1	Apoc1	9.28318E-21	5.07761635440947e-20	0.943442249816857	APOC1	0.614011617231887	267	0.319280335984617	1614	0.294731281247271	9.34392028140579
Mid1ip1	Mid1ip1	1.39519E-20	7.5173611427502e-20	0.558306494424808	MID1IP1	3.37244497595331	585	2.29022352268234	4950	1.08222145327097	9.30070392882323
Fdps	Fdps	1.58289E-20	8.40327427909124e-20	0.866178365990674	FDPS	0.511647869509737	257	0.280689069178713	1608	0.230958800331024	9.28727502269356
Gm43085	Gm43085	3.36044E-20	1.75814423773071e-19	0.644508606279934	NA	4.22772569627345	599	2.70452112869838	4873	1.52320456757506	9.20678330289684
Abcd3	Abcd3	4.28176E-20	2.2081664515656e-19	0.508606742504454	ABCD3	1.82323819711058	517	1.28155581427517	4397	0.541682382835418	9.18073061669734
Soat1	Soat1	4.38684E-20	2.23049087739259e-19	0.513648869486261	SOAT1	2.80228926375441	572	1.96285964336207	4885	0.83942962039234	9.1781198027754
Dram1	Dram1	1.49981E-19	7.51989278438878e-19	0.602624252480048	DRAM1	6.37092906302643	617	4.19560692303436	5188	2.17532213999207	9.04476951286095
Egfl6	Egfl6	2.36324E-19	1.16867259226048e-18	0.544173334298907	EGFL6	3.63640386640564	598	2.49378847999326	4936	1.14261538641237	8.99495715407911
Etv5	Etv5	2.41393E-19	1.1776057314348e-18	0.545685267401256	ETV5	3.61500596848881	593	2.47651740744203	5005	1.13848856104678	8.99262585110624
Vamp8	Vamp8	3.62914E-19	1.74682667503304e-18	0.443840112334294	VAMP8	2.25734155512153	565	1.6595413937423	4883	0.59780016137923	8.94771575510098
Rps14	Rps14	4.67921E-19	2.22262378665477e-18	0.366656777224791	RPS14	6.28788538298325	615	4.87674366658959	5655	1.41114171639366	8.91961291141824
H2aj	H2aj	2.77727E-18	1.30207280828135e-17	0.626973216049638	NA	1.15220820722765	396	0.746093437256376	3220	0.406114769971276	8.72019322020433
Lrp2	Lrp2	3.40071E-18	1.57392042269927e-17	0.637015712114014	LRP2	1.16169585726882	384	0.747018923588977	3000	0.414676933679848	8.6972340856143
Msmo1	Msmo1	6.71370E-18	3.06790494732707e-17	0.769647046141855	MSMO1	0.822779780158549	322	0.482610496565628	2239	0.340169283592921	8.61968767824318
Gm13341	Gm13341	3.22899E-17	1.45708257847316e-16	0.777085022835556	NA	0.430207110728942	232	0.251045062013953	1571	0.179162048714989	8.43796901798057
Abca3	Abca3	6.29547E-17	2.80575936470532e-16	0.525268678136657	ABCA3	2.7654371103795	580	1.92150783033361	4844	0.84392928004589	8.35955604808192
Hdc	Hdc	6.71162E-17	2.95475171864347e-16	0.752255527217879	HDC	1.00188483337411	332	0.594793651108339	2367	0.407091182265771	8.35200073565798
Atp8a1	Atp8a1	8.38271E-17	3.64597187849676e-16	0.47954531890206	ATP8A1	4.66228956148251	616	3.34381096472531	5221	1.3184785967572	8.32570679887309
Rps21	Rps21	1.42024E-16	6.10366054923499e-16	0.361452354812567	RPS21	3.74271995723132	610	2.91326057883277	5547	0.829459378398549	8.26302688633283
Nnat	Nnat	1.58097E-16	6.71449154211347e-16	1.04820208489614	NA	0.559082926848949	195	0.270355968066104	1132	0.288726958782845	8.25022434650423
Cat	Cat	1.98165E-16	8.31833156134783e-16	0.49066214445137	CAT	2.90500039607282	576	2.06748407348023	5031	0.837516322592591	8.22318715072325
Mtch1	Mtch1	4.82885E-16	2.00369474075414e-15	0.376994898314138	MTCH1	2.03948301391145	536	1.57048329049814	4953	0.468999723413311	8.11572706731111
Mecom	Mecom	1.69166E-15	6.93966321925392e-15	0.673770218010526	MECOM	0.567188389210597	256	0.355551312464574	1935	0.211637076746023	7.96208345846878
Bsg	Bsg	1.77279E-15	7.19075497557296e-15	0.344170907198556	BSG	3.1738872943447	595	2.50026323039715	5349	0.673624063947551	7.95628694029226
Rps20	Rps20	3.66415E-15	1.46972969717407e-14	0.325180950347719	RPS20	4.37090292740742	613	3.48884713699601	5595	0.88205579041141	7.86591318074696
Tmem50b	Tmem50b	3.82833E-15	1.51871257429359e-14	0.412536374917448	TMEM50B	2.14263882414157	559	1.60976746942486	4830	0.532871354716713	7.86042464870204
Anpep	Anpep	1.32346E-14	5.19314465428052e-14	0.466025100819014	ANPEP	1.64804065339236	489	1.19310972726601	4185	0.454930926126348	7.7035415282811
Rpl34	Rpl34	6.23547E-14	2.42043691220122e-13	0.313297293856401	RPL34	5.53265854791714	612	4.45268512985391	5660	1.07997341806323	7.50303951277324
Chchd2	Chchd2	1.59825E-13	6.13796105095198e-13	0.317987715397369	CHCHD2	2.3363002470715	569	1.8741520155525	5204	0.462148231518999	7.37871459407729
Acsl4	Acsl4	1.77796E-13	6.75624726730033e-13	0.406037211637456	ACSL4	2.68731042285308	572	2.02809575722955	4887	0.659214665623533	7.36451206008466
Nsdhl	Nsdhl	2.30592E-13	8.67123496144673e-13	0.761227334599985	NSDHL	0.355935160316595	205	0.209999678461029	1318	0.145935481855566	7.32974422504059
Idi1	Idi1	2.43713E-13	9.07015442224265e-13	0.62381415276095	IDI1	1.15812698730726	374	0.751569954855981	3018	0.406557032451278	7.32232375624123
Irx1	Irx1	3.16168E-13	1.1646581547747e-12	0.491963032394183	IRX1	1.86739103422816	509	1.32782132690135	4217	0.539569707326819	7.2873258492021
Itih4	Itih4	5.09558E-13	1.85808418808845e-12	0.737729106308668	ITIH4	0.72488180955321	277	0.434698970722789	1783	0.290182838830421	7.22272559699852
Kcnj15	Kcnj15	1.05075E-12	3.79322461673375e-12	0.424502099322054	KCNJ15	2.07619619083205	542	1.54696513134552	4450	0.529231059486527	7.1236896831439
Ank3	Ank3	1.15049E-12	4.11214798015974e-12	0.411016398698491	NA	1.47645335069264	474	1.11043071241371	3978	0.366022638278928	7.11118713585121
Ces1d	Ces1d	2.86174E-12	1.01283247168176e-11	0.38664195980569	CES1	2.26718524635116	561	1.73418801015573	4833	0.532997236195427	6.98435173872455
Rpl21	Rpl21	3.27457E-12	1.14768801772787e-11	0.331507004263153	NA	2.95766148559738	602	2.35047109048158	5357	0.607190395115794	6.96540656531868
Tmsb4x	Tmsb4x	3.50681E-12	1.21726786699634e-11	0.334071095750834	TMSB4Y	41.3992536581794	617	32.8418105315231	5730	8.55744312665632	6.95575411310781
Cox4i1	Cox4i1	3.89132E-12	1.33787221746784e-11	0.335486347181412	COX4I1	1.83824621156439	531	1.45684123691473	4750	0.38140497464966	6.94107337855642
H2-Ab1	H2-Ab1	4.05727E-12	1.38176868469178e-11	0.412992990496416	HLA-DQB1	4.03605078725882	596	3.0313308848855	4998	1.00471990237332	6.93517204178546
Cd63	Cd63	6.02941E-12	2.03422273229973e-11	0.313836027771657	NA	2.83177969658331	590	2.2781662071619	5325	0.553613489421409	6.87895278914435
Gm37144	Gm37144	1.52121E-11	5.05913357288125e-11	0.461394309805178	NA	1.13849067949973	394	0.826867557318281	3525	0.311623122181451	6.74586241182767
Gclc	Gclc	1.52755E-11	5.05913357288125e-11	0.456659091059152	GCLC	2.51353950661472	538	1.83154516006371	4673	0.681994346551019	6.74525832170219
Atp6v1c2	Atp6v1c2	1.79506E-11	5.89106870617993e-11	0.502198842761242	ATP6V1C2	1.33740260145585	441	0.944246205297413	3656	0.393156396158436	6.72178942505693
Tpt1	Tpt1	1.87514E-11	6.04771454575427e-11	0.283361563872884	TPT1	13.2883796533928	617	10.9187191990296	5728	2.3696604543632	6.71542899894542
Zdhhc3	Zdhhc3	1.87630E-11	6.04771454575427e-11	0.431692657317143	ZDHHC3	2.71913952854548	564	2.01594674193962	4878	0.70319278660586	6.71533866409641
Gpx4	Gpx4	2.40807E-11	7.69304134240301e-11	0.589421073133067	GPX4	0.373563851103041	207	0.248274102633873	1521	0.125289748469168	6.67886058003019
Ppp1r14c	Ppp1r14c	4.09028E-11	1.29525489471025e-10	0.394221764591797	PPP1R14C	3.17518134398916	605	2.41599459351968	4971	0.759186750469485	6.60076994582113
Cldn18	Cldn18	5.74066E-11	1.80206730912892e-10	0.432922986839822	CLDN18	5.43400415224606	614	4.0252898769672	5149	1.40871427527886	6.55033910637873
Rps12	Rps12	7.07929E-11	2.2031250644439e-10	0.273932732572524	NA	5.37412912244643	614	4.444737605811	5629	0.92939151663543	6.51896760765848
Rps27rt	Rps27rt	7.15471E-11	2.2075640342144e-10	0.485039403502533	RPS27	1.04267994092915	392	0.744971415351645	3368	0.297708525577508	6.51737774792336
Tmem243	Tmem243	7.96706E-11	2.43738063685033e-10	0.418985982690799	TMEM243	3.5847436992057	602	2.68120957417268	5051	0.90353412503302	6.50122113704829
Kcnc3	Kcnc3	9.56572E-11	2.90187108135514e-10	0.582319975106942	KCNC3	0.774087724550325	317	0.517004592501456	2436	0.257083132048869	6.4736596404291
Cpm	Cpm	1.06738E-10	3.21104182570975e-10	0.450492784218196	CPM	2.98971379623948	570	2.18785116569867	4884	0.801862630540812	6.45708602163628
Prr15l	Prr15l	1.12915E-10	3.3687943904033e-10	0.412075341990078	PRR15L	1.43819610026124	462	1.08086404037659	4012	0.35733205988465	6.44856347838856
Tgoln1	Tgoln1	1.54396E-10	4.56861299324859e-10	0.305913592102338	TGOLN2	4.02427395704977	608	3.25535511297219	5420	0.768918844077576	6.40096660926829
Car8	Car8	1.86503E-10	5.4737877195399e-10	0.414374953242615	CA8	2.14536055769793	555	1.60975951759453	4620	0.535601040103392	6.37206236111398
Acoxl	Acoxl	1.90445E-10	5.54439268302871e-10	0.528859290593209	ACOXL	0.960392339074222	348	0.665650369064681	2792	0.294741970009541	6.36885502392164
Apoe	Apoe	2.27537E-10	6.57128277580539e-10	0.462368602316339	APOE	1.40039642733567	441	1.01639887523414	3569	0.383997552101534	6.34150085667708
Ddt	Ddt	3.57884E-10	1.01981926962625e-09	0.634714632412239	DDTL	0.345976294277438	204	0.222832329086142	1444	0.123143965191296	6.2713704273897
Gm43652	Gm43652	3.58773E-10	1.01981926962625e-09	0.522067285116751	NA	0.647746623314088	290	0.45107342888451	2352	0.196673194429578	6.27098421888255
Cox6c	Cox6c	6.44371E-10	1.81732689679456e-09	0.282830860680643	COX6C	2.14754656779488	564	1.76523291639018	5175	0.382313651404694	6.17917588720829
Rps24	Rps24	8.60508E-10	2.40808922087532e-09	0.27839820641333	RPS24	5.2231298099523	616	4.30650155711527	5652	0.916628252837025	6.13334393238189
Slc43a2	Slc43a2	9.38863E-10	2.6071515471904e-09	0.572808454436037	SLC43A2	0.650697491234686	291	0.437468317404116	2134	0.21322917383057	6.11947128935791
Ppp1r1b	Ppp1r1b	1.06961E-09	2.94755038236856e-09	0.794849004765683	PPP1R1B	0.22933548720247	141	0.132189776979379	885	0.0971457102230917	6.09866049694689
Muc1	Muc1	1.24082E-09	3.39344504950948e-09	0.391607921096374	MUC1	1.86893142856141	518	1.4246482092899	4476	0.444283219271501	6.07487848211776
Sfta3-ps	Sfta3-ps	1.70543E-09	4.62901710389219e-09	0.498439286405979	NA	0.882704727858783	349	0.624842090174292	2839	0.25786263768449	6.02363499714124
Smim6	Smim6	1.92571E-09	5.18792281093001e-09	0.523091418971251	NA	0.608606468505216	288	0.42351652087913	2208	0.185089947626086	6.00395246943258
Rps27	Rps27	2.17278E-09	5.81018369882634e-09	0.282088406279903	NA	3.59802714321555	602	2.95901634133994	5530	0.639010801875608	5.98433303699871
AA986860	AA986860	3.17036E-09	8.41545169608394e-09	0.56597844924455	C1orf116	0.607105223252454	276	0.410097837532477	2025	0.197007385719977	5.92252457637558
Gpam	Gpam	3.39315E-09	8.94108635143811e-09	0.502477243693405	GPAM	0.67720456157948	291	0.47803440238388	2323	0.1991701591956	5.91134985940039
Cyp51	Cyp51	4.25411E-09	1.11285170584467e-08	0.584235016460104	CYP51A1	0.4348322635955	230	0.29003438976661	1633	0.14479787382889	5.873996850948
Gpx1	Gpx1	4.59802E-09	1.1941621633368e-08	0.308670653904509	GPX1	1.73984512875315	517	1.40472549900772	4668	0.335119629745438	5.86110321405174
Rplp2	Rplp2	4.64021E-09	1.19651239091002e-08	0.31543272473517	RPLP2	2.38015430907343	562	1.91271560981095	5020	0.467438699262479	5.85958639591302
Gm6166	Gm6166	5.67514E-09	1.45299617671565e-08	0.657876011051018	NA	0.307194804625361	188	0.19470336337566	1244	0.112491441249701	5.82605954543497
Slco4c1	Slco4c1	8.72444E-09	2.21797363762815e-08	0.459551505563407	SLCO4C1	0.936532132724127	360	0.681057680587058	2933	0.255474452137069	5.75382903115849
Selenbp1	Selenbp1	8.86671E-09	2.23837853563801e-08	0.412742288232737	SELENBP1	0.888332042338567	363	0.667309823634119	3054	0.221022218704448	5.75109537848665
Gm11407	Gm11407	9.41125E-09	2.35934848244381e-08	0.992369727550481	NA	0.0894562410896525	63	0.044965309866286	350	0.0444909312233665	5.74101182963713
Pdzk1ip1	Pdzk1ip1	1.01572E-08	2.52879258634914e-08	0.642910423592844	PDZK1IP1	0.375517735885752	199	0.240488953077498	1491	0.135028782808254	5.72808278227954
Tinag	Tinag	1.25308E-08	3.09836280070289e-08	0.528728932231008	TINAG	0.534838146699644	267	0.370731174503658	1978	0.164106972195986	5.69234307718391
Ppp1r9a	Ppp1r9a	1.75550E-08	4.31112974273865e-08	0.493322408223417	PPP1R9A	0.75787970075263	313	0.538388075766491	2487	0.219491624986139	5.63451649523905
Emb	Emb	2.00152E-08	4.88208775669389e-08	0.334240120616438	EMB	2.4061315622731	576	1.90854791641517	4919	0.497583645857933	5.61186974843144
Npw	Npw	4.77051E-08	1.15580895915562e-07	0.6322176934879	NPW	0.295260847615305	184	0.190497540381966	1250	0.104763307233339	5.45965847907955
Mfsd2a	Mfsd2a	5.56091E-08	1.3383259275191e-07	0.792225567763456	MFSD2A	0.186509609145695	121	0.107700458641524	673	0.0788091505041713	5.43237434454039
Cox8a	Cox8a	6.71274E-08	1.60483305338124e-07	0.291601152603472	COX8A	1.69649491677184	506	1.38602756974316	4609	0.310467347028676	5.39869503860145
Chka	Chka	6.92788E-08	1.64537144226305e-07	0.527775300090985	CHKA	0.548230109550573	260	0.380265291826877	2025	0.167964817723696	5.3930315109853
Heatr1	Heatr1	8.58670E-08	2.02601149212684e-07	0.683117346030495	HEATR1	0.302506830998877	171	0.188406713658572	1153	0.114100117340305	5.35434483329999
Ang	Ang	1.33720E-07	3.13459883976467e-07	0.418164361533611	ANG	1.08981549112794	387	0.815592006989663	3359	0.274223484138277	5.27367348304289
Sord	Sord	1.51862E-07	3.53691287337439e-07	0.490015629829201	SORD	0.469128289882166	245	0.334027497686041	1875	0.135100792196126	5.25028761187905
Exosc7	Exosc7	1.59854E-07	3.67735911746668e-07	0.5202843120147	EXOSC7	0.664374395926376	312	0.463224693682762	2335	0.201149702243614	5.24083276954296
Nrn1	Nrn1	1.59929E-07	3.67735911746668e-07	0.622912386645757	NRN1	0.593792639102212	201	0.385584437004281	1323	0.208208202097931	5.24074514415873
Rpl10-ps3	Rpl10-ps3	1.76836E-07	4.04037466719298e-07	0.34756724066827	NA	1.02198129553274	387	0.803183507989362	3564	0.218797787543376	5.22217226816655
Rplp1	Rplp1	1.94869E-07	4.41572461503851e-07	0.276459134642704	RPLP1	3.76871008669947	582	3.11150309936255	5063	0.657206987336912	5.20416707665253
Retnla	Retnla	1.95711E-07	4.41572461503851e-07	0.899425829240738	RETNLB	0.185904145730443	87	0.0996632215443792	475	0.0862409241860633	5.20336609423547
Acat2	Acat2	2.07701E-07	4.65714980740466e-07	0.502000563133491	ACAT2	0.461107657031233	248	0.325600532675836	1864	0.135507124355397	5.19230968591149
Gm13339	Gm13339	2.41357E-07	5.37839250029034e-07	0.73484303238236	NA	0.171668725257663	115	0.103152887017942	742	0.0685158382397214	5.16428693066725
Gm4076	Gm4076	2.46765E-07	5.46516582978121e-07	0.742071663942864	NA	0.194944500273744	127	0.11655345656942	837	0.0783910437043237	5.16014010276485
Rpl23a	Rpl23a	3.95818E-07	8.71281507512415e-07	0.274881834469857	RPL23A	1.24140661204365	461	1.02604492538307	4149	0.215361686660581	5.07095823524296
Gm44250	Gm44250	4.24137E-07	9.27959833762512e-07	0.31726667131153	NA	1.94003865469973	526	1.55705372742696	4636	0.382984927272775	5.05779286210633
Rps10	Rps10	4.63508E-07	1.00798955675083e-06	0.44375213205508	NA	0.577811347936252	288	0.424818444627482	2168	0.15299290330877	5.04083389122105
Prrg3	Prrg3	6.09160E-07	1.31680666175457e-06	0.323103980752028	NA	1.56840752568271	468	1.25370375774222	4272	0.314703767940498	4.98829029458243
Socs2	Socs2	8.45345E-07	1.81648541871947e-06	0.284955917130814	SOCS2	2.16831774073392	553	1.77968296995571	4869	0.388634770778219	4.92459673803983
Mettl7a1	Mettl7a1	9.24413E-07	1.97463425140904e-06	0.320398972975366	METTL7A	1.96157815985811	536	1.5709266812737	4687	0.390651478584411	4.90708213814801
Epn3	Epn3	1.13442E-06	2.40898059675808e-06	0.513416458301264	EPN3	0.200908034403926	136	0.140748427202447	993	0.0601596072014791	4.86676061301561
mt-Tg	mt-Tg	1.17286E-06	2.47604330445442e-06	0.9311863910563	NA	0.108182000001722	79	0.0567335514726451	426	0.0514484485290772	4.86016786196355
Usp8	Usp8	1.37278E-06	2.88123771159048e-06	0.332503708173072	USP8	1.29784777255484	440	1.03069499290722	3990	0.26715277964762	4.82891671078208
Pgs1	Pgs1	1.57810E-06	3.29302659042557e-06	0.46957931522857	PGS1	0.551557070413975	273	0.3983208104907	2157	0.153236259923275	4.80108297201405
Fam178b	Fam178b	1.93811E-06	4.02101981613687e-06	0.798773955289253	FAM178B	0.173629760651422	121	0.0998088947246833	720	0.0738208659267387	4.75977288089446
Ccdc141	Ccdc141	1.98611E-06	4.09705711686406e-06	0.434094475862793	CCDC141	0.617078059134851	277	0.456735371718849	2198	0.160342687416001	4.75483271629738
H2-Aa	H2-Aa	2.10747E-06	4.32048284908814e-06	0.31545346032118	NA	5.011184383401	609	4.02697959339599	5112	0.984204790005019	4.7428354780435
Lss	Lss	2.11835E-06	4.32048284908814e-06	0.629813210847056	LSS	0.226792109058386	141	0.146566687162565	968	0.0802254218958205	4.74179271409725
Tm7sf2	Tm7sf2	2.23937E-06	4.54164471721034e-06	0.63982935361677	TM7SF2	0.177639273684666	122	0.114006906423771	804	0.0636323672608953	4.73052762249893
Tle6	Tle6	2.67810E-06	5.40108040566187e-06	0.779412260210075	TLE6	0.0887330772126378	63	0.0516962538868696	394	0.0370368233257682	4.69407955510014
Myo5c	Myo5c	2.86964E-06	5.75522233017762e-06	0.355505289681806	MYO5C	0.877460803437005	344	0.685819721593164	3004	0.191641081843841	4.67993634850567
Stx19	Stx19	3.08632E-06	6.15558220546634e-06	0.550453436526404	STX19	0.278764063095697	167	0.190341632718257	1229	0.0884224303774407	4.66499024219364
mt-Nd6	mt-Nd6	4.34123E-06	8.61090911770665e-06	0.486204035645305	MT-ND6	0.364214405045198	203	0.260013034537311	1607	0.104201370507887	4.59433888136613
Rpl26	Rpl26	5.06964E-06	1.00007639415416e-05	0.268772681797342	RPL26	1.51005875644342	507	1.25338706023333	4538	0.256671696210085	4.56188508340522
Urah	Urah	6.64362E-06	1.3034502477903e-05	0.635351296388143	URAD	0.172111857512033	122	0.110802865961085	803	0.0613089915509487	4.50479756137453
Fads2	Fads2	8.29846E-06	1.61932146713707e-05	0.510988338862687	FADS2	0.246637370163219	151	0.173075686749479	1104	0.0735616834137397	4.45733564123811
Acot2	Acot2	8.74967E-06	1.69818904206285e-05	0.424155446861527	ACOT1	0.497661104079887	255	0.370894323369761	2016	0.126766780710126	4.44596862013093
Naxd	Naxd	9.24016E-06	1.78379603872202e-05	0.42444990128139	NAXD	0.508753735807724	258	0.379084004196452	2079	0.129669731611272	4.43423073903994
Cmtm8	Cmtm8	1.07649E-05	2.0670844942326e-05	0.307043686640412	CMTM8	1.10490910605724	416	0.893094044126559	3630	0.211815061930678	4.40121030807842
Fads1	Fads1	1.11900E-05	2.13735807192279e-05	0.271370106336157	FADS1	1.02206346645056	382	0.846812622261838	3489	0.175250844188723	4.39279921623254
Nkx2-1	Nkx2-1	1.28969E-05	2.45041883197755e-05	0.287474213673711	NKX2-1	1.41788078151882	465	1.16171970173244	4140	0.25616107978638	4.36184638426958
Mpc2	Mpc2	1.56901E-05	2.9655139773429e-05	0.350951714724965	MPC2	0.544983092518378	275	0.42730309240509	2304	0.117680000113288	4.31877004809897
Ttn	Ttn	1.60751E-05	3.0224545957958e-05	0.976340055507613	TTN	0.0893995894673906	50	0.0454389075867213	286	0.0439606818806693	4.31341625523139
Aacs	Aacs	2.72658E-05	5.09998509483409e-05	0.568901254340474	AACS	0.228513813946754	139	0.154048018607832	1000	0.0744657953389221	4.19517708321499
Spint2	Spint2	2.81886E-05	5.24539832323278e-05	0.264118131368396	SPINT2	1.63673034564681	516	1.36291777173834	4549	0.273812573908467	4.18762749786837
Atp5e	Atp5e	3.22438E-05	5.96924017012835e-05	0.290849443429598	ATP5F1E	1.18150348051048	431	0.965785317385443	3997	0.215718163125035	4.1570112057243
A530020G20Rik	A530020G20Rik	3.30339E-05	6.08430599689374e-05	0.680837238654908	NA	0.13523489470216	91	0.0843599543791885	585	0.0508749403229719	4.15147520987752
Gsap	Gsap	3.97092E-05	7.27665272834336e-05	0.398574614840489	GSAP	0.492796976964006	256	0.373839442560645	2006	0.118957534403361	4.10916541654241
Tmem97	Tmem97	4.26991E-05	7.78503656058376e-05	0.476477439855162	TMEM97	0.281598019782471	180	0.202393049862692	1304	0.0792049699197795	4.092367667704
Sqle	Sqle	5.61285E-05	0.000101820980634365	0.464527747710296	SQLE	0.328477226337677	189	0.238050160694896	1425	0.0904270656427811	4.0285226119236
Bex3	Bex3	5.78591E-05	0.000104435699261287	0.378013973785575	BEX3	0.497160967103113	256	0.382563453491422	2087	0.114597513611691	4.02137620467099
Tmem42	Tmem42	5.83737E-05	0.000104840312076378	0.453785033883748	TMEM42	0.451292729090843	235	0.329500008208132	1867	0.121792720882711	4.01929037594979
Pmvk	Pmvk	6.12605E-05	0.000109480434369545	0.490793184722207	PMVK	0.464664837072728	232	0.33067117512791	1676	0.133993661944818	4.0079020350645
Snx25	Snx25	8.01786E-05	0.000142583584319604	0.371080979160413	SNX25	0.560431460214058	270	0.43332725045747	2221	0.127104209756588	3.94386567148778
Elapor1	Elapor1	9.80997E-05	0.000173597958342827	0.436114523297033	ELAPOR1	0.367890116921342	210	0.271915877899592	1606	0.0959742390217496	3.89524461236064
Ctsh	Ctsh	1.05318E-04	0.000185463038070417	0.264530701696686	CTSH	3.04035703395346	589	2.53100446034929	5071	0.50935257360417	3.87800085871163
Aldoc	Aldoc	1.08077E-04	0.000189397712618237	0.686945652838669	ALDOC	0.111308917018062	82	0.0691414861857702	519	0.0421674308322916	3.87170351463468
mt-Tn	mt-Tn	1.14459E-04	0.000199612649506499	0.926562460739696	NA	0.0586989780179588	42	0.0308821441962131	241	0.0278168338217456	3.85769932017811
Acot1	Acot1	1.22614E-04	0.000212806329766297	0.352581015630633	ACOT1	0.748883179512594	317	0.586511611494123	2668	0.162371568018471	3.84083968663167
Pigyl	Pigyl	1.37843E-04	0.000238092089814028	0.42282896752156	PIGY	0.25286610217067	160	0.18862810939814	1240	0.06423799277253	3.81200732826511
C6	C6	1.67885E-04	0.00028860292325814	0.314489299137965	C6	1.21278989462721	381	0.975247525975667	3165	0.237542368651544	3.76300274688755
Bag1	Bag1	1.73998E-04	0.00029769292335421	0.342331190745453	BAG1	0.428220390827238	238	0.337765576837298	1986	0.0904548139899402	3.7540533529625
Mlc1	Mlc1	1.96263E-04	0.000334202345049929	0.362887169284367	MLC1	0.63147083197064	308	0.491036043763051	2415	0.140434788207589	3.72377883592427
Slc15a2	Slc15a2	2.12296E-04	0.000359807414506531	0.435411086678056	SLC15A2	0.395678915823118	217	0.292597837118541	1737	0.103081078704576	3.70391628744419
Prss8	Prss8	2.17543E-04	0.000366976659535926	0.35526928517706	PRSS8	0.417303577322102	227	0.326216103768255	1875	0.0910874735538476	3.69772199130165
Fgd2	Fgd2	2.42189E-04	0.000406651599353935	0.785348890403653	FGD2	0.0576889513727993	46	0.0334718002929228	263	0.0242171510798766	3.67038160897343
Klkb1	Klkb1	2.73707E-04	0.000457444892551273	0.679987736486886	KLKB1	0.0880472029892054	64	0.0549564737694811	409	0.0330907292197243	3.63899262276425
Sec61b	Sec61b	3.15668E-04	0.00052514345814846	0.29859224758613	NA	0.669040149306647	307	0.543959990723636	2653	0.125080158583011	3.60209088831487
Mvb12b	Mvb12b	3.51967E-04	0.000582844817849102	0.495834011454484	MVB12B	0.125866822814186	93	0.0892586593172592	656	0.0366081634969271	3.57370367491251
Lrrk2	Lrrk2	3.55873E-04	0.000586622212822382	0.373327832793014	LRRK2	0.603009332820127	273	0.46552301604291	2243	0.137486316777217	3.57081417682984
Gnmt	Gnmt	4.09283E-04	0.0006715969609455	0.582148080180169	GNMT	0.0928092017154778	70	0.0619936208879728	470	0.0308155808275051	3.53402428798748
Slc1a5	Slc1a5	4.41236E-04	0.000720752220655847	0.28632242145734	SLC1A5	0.586326577680654	278	0.480781716367088	2458	0.105544861313565	3.5141063474165
Srebf1	Srebf1	4.81047E-04	0.00078224234515323	0.362338485042864	SREBF1	0.435116022843639	233	0.33847790446956	1963	0.0966381183740788	3.49109424115668
Pcx	Pcx	4.85054E-04	0.00078522259989098	0.497511581258629	PC	0.15707700955251	111	0.111261962343372	786	0.0458150472091382	3.48887693704963
Insig1	Insig1	5.31578E-04	0.000856694377982947	0.267991602464377	INSIG1	0.851675096722705	341	0.707294755051422	3005	0.144380341671283	3.46431801700316
Slc26a9	Slc26a9	5.85643E-04	0.000939631730406488	0.323224029881416	SLC26A9	0.483229263436425	247	0.386236308962851	2062	0.0969929544735739	3.43817779052256
Aqp5	Aqp5	6.08730E-04	0.000972351302221666	0.287263102527277	AQP5	0.807470958728206	329	0.661686236394796	2792	0.145784722333409	3.42769469757547
Gstt3	Gstt3	6.64057E-04	0.00105605493039161	0.346652840166223	NA	0.569751615205568	271	0.448056376215619	2292	0.121695238989949	3.40400445578841
Smim22	Smim22	6.91309E-04	0.00109457335470692	0.392037267875836	SMIM22	0.250795564838973	157	0.191119444725949	1262	0.0596761201130243	3.39300273214461
5830428M24Rik	5830428M24Rik	7.00785E-04	0.00110473077914022	0.550741661188539	NA	0.125771728489037	91	0.0858604716090099	623	0.0399112568800269	3.38927188143286
Kcnq1ot1	Kcnq1ot1	7.04744E-04	0.00110614106952616	0.582475391081773	NA	0.135752508661716	67	0.0906578258242374	447	0.0450946828374784	3.38772704223312
Hmgcs1	Hmgcs1	7.36003E-04	0.00115020365267282	0.307532440825668	HMGCS1	0.512706844178746	251	0.414278719867035	2034	0.098428124311711	3.37580415758083
Limd2	Limd2	7.41217E-04	0.00115335995540332	0.4244343736324	LIMD2	0.271241531449886	171	0.202110422582003	1307	0.0691311088678823	3.37386114037962
Aox3	Aox3	7.54351E-04	0.00116875866400369	0.300764482727957	NA	0.868906952017498	332	0.705397865277021	2918	0.163509086740477	3.36902306527967
Pla2g4f	Pla2g4f	7.79447E-04	0.00120247990084758	0.829610953211799	PLA2G4F	0.0526163544632287	36	0.0296062207461221	227	0.0230101337171066	3.35999217352693
D230025D16Rik	D230025D16Rik	7.92204E-04	0.00121696022135308	0.303486811989953	C16orf70	0.504359164414939	253	0.408678022111684	2203	0.0956811423032545	3.35550437928626
Ldlr	Ldlr	9.37540E-04	0.00143411831881172	0.347601575877315	LDLR	0.555201359435532	274	0.436326931594182	2180	0.11887442784135	3.30862896194677
Uqcr11	Uqcr11	9.82207E-04	0.00149610401358132	0.32889680277148	UQCR11	0.435069564657287	230	0.346378478431616	1879	0.0886910862256709	3.29557443614539
Sec14l2	Sec14l2	1.02693E-03	0.00155764846327199	0.567333317140539	SEC14L2	0.116834612797534	86	0.0788473637980296	571	0.0379872489995047	3.28304406169423
1810019D21Rik	1810019D21Rik	1.08468E-03	0.00163816126653304	0.572842280014426	NA	0.109026486213168	78	0.0732975243564732	549	0.0357289618566946	3.26758859785292
Mvd	Mvd	1.08938E-03	0.00163816126653304	0.693508352380613	MVD	0.0690492683278414	53	0.0426964989208	326	0.0263527694070414	3.26636546853575
Sgpp2	Sgpp2	1.09362E-03	0.00163816126653304	0.358014514700499	SGPP2	0.429424404754469	226	0.335053079959023	1849	0.0943713247954456	3.26526421552606
Cracr2a	Cracr2a	1.18205E-03	0.00176331094637553	0.381442558198104	CRACR2A	0.249095677358534	153	0.191223181480363	1237	0.0578724958781712	3.24317560402407
Klk13	Klk13	1.20967E-03	0.00179708819660387	0.520677431057195	NA	0.145369963047488	99	0.101329326306007	692	0.044040636741481	3.23658915504752
Alkal1	Alkal1	1.28171E-03	0.0018962966390583	0.728350069385313	ALKAL1	0.0560089057862984	45	0.0338066291830478	259	0.0222022766032506	3.22004440343107
Gjb1	Gjb1	1.30100E-03	0.00191698818845726	0.603472232465628	GJB1	0.0607649296012006	48	0.0399935315705227	295	0.0207713980306779	3.21575840798541
Smim1	Smim1	1.31985E-03	0.0019368457525162	0.328344065426999	SMIM1	0.220874658560089	143	0.175915650490971	1199	0.0449590080691176	3.21162942861961
Klk14	Klk14	1.34630E-03	0.00196766819585265	0.569834371901329	NA	0.0916041904398966	68	0.0617132051273274	444	0.0298909853125692	3.20592317053692
Ppp1r3c	Ppp1r3c	1.41705E-03	0.00206272050032636	0.648290084493572	PPP1R3C	0.0811070544467201	57	0.0517492271447622	379	0.0293578273019578	3.19115568769021
Gpt	Gpt	1.55298E-03	0.00225150729963418	0.33434166476751	GPT	0.30924762620918	185	0.24527851308813	1518	0.0639691131210494	3.16459702864285
Gm15889	Gm15889	1.66115E-03	0.0023987061803285	0.56982116928139	NA	0.10311817940157	74	0.0694707476204134	506	0.033647431781157	3.144949703345
Gm19439	Gm19439	1.75156E-03	0.00251917674361177	0.428556708572475	NA	0.261307366567571	166	0.194152608167787	1262	0.067154758399784	3.12941279187271
Echs1	Echs1	1.81070E-03	0.00259390518435334	0.297078145481101	ECHS1	0.531487132576816	266	0.4325768977803	2320	0.0989102347965156	3.11964293027359
Yae1d1	Yae1d1	1.84102E-03	0.00262690955064285	0.324209432578195	YAE1	0.36581506800169	201	0.292189648589878	1694	0.0736254194118122	3.11474823945514
Tmem213	Tmem213	2.54333E-03	0.00361473122662313	0.652045321666444	TMEM213	0.0708424655639961	50	0.0450825494143168	328	0.0257599161496792	3.01813820132715
Fdft1	Fdft1	2.66946E-03	0.00377911267205084	0.380253442051331	FDFT1	0.194282225422458	131	0.149267540681758	1023	0.0450146847407	3.00344062473763
Mlana	Mlana	2.82773E-03	0.0039875475996741	0.805686170371178	MLANA	0.0541090566184402	45	0.0309552458644197	234	0.0231538107540205	2.98586931522587
Clic3	Clic3	2.96664E-03	0.00416714901427765	0.291484201082361	CLIC3	0.459901690901651	239	0.3757677622803	1975	0.0841339286213516	2.97117356181736
Nav2	Nav2	3.02063E-03	0.00422653634568159	0.319806026774651	NAV2	0.343594387036807	191	0.275280123037523	1635	0.0683142639992843	2.96563096170711
Baiap2l1	Baiap2l1	3.14376E-03	0.00438183727346636	0.311757873847321	BAIAP2L1	0.47074895652768	256	0.379263365542076	2065	0.0914855909856037	2.95332030117287
Gm9856	Gm9856	3.32116E-03	0.00461129647705573	0.483739645862587	NA	0.0944773810081914	69	0.0675628097332242	488	0.0269145712749672	2.9363349190834
Naxe	Naxe	3.36379E-03	0.00465260269689515	0.268708503439672	NAXE	0.566047754391809	277	0.469854891154703	2478	0.096192863237106	2.93237591909778
Spaar	Spaar	3.42902E-03	0.00472472159242654	0.419748209383566	SPAAR	0.121841994648995	89	0.0910836023244203	673	0.0307583923245744	2.92640679963398
Myh14	Myh14	3.52185E-03	0.00483417553624074	0.346141584204662	MYH14	0.426591656862324	228	0.335593358810925	1896	0.0909982980513986	2.91808787172188
Selenoh	Selenoh	3.62640E-03	0.00495883378310695	0.374531655844141	SELENOH	0.237737903468587	156	0.183380505583713	1202	0.0543573978848738	2.90895377390351
Dcxr	Dcxr	3.79725E-03	0.00517286195808253	0.281105284966463	DCXR	0.451707940459912	243	0.371737695467295	2023	0.0799702449926176	2.89453107362413
Gpx4-ps2	Gpx4-ps2	3.84322E-03	0.0052158019867967	0.623625183853037	NA	0.0793878370316952	62	0.0515257216554281	398	0.0278621153762671	2.89075119698194
Khk	Khk	4.35784E-03	0.0058920663520284	0.504361560599065	KHK	0.0945698318890446	70	0.0666691101646934	504	0.0279007217243512	2.85102574502848
5033403H07Rik	5033403H07Rik	5.00343E-03	0.00673969096835644	0.453680213659995	NA	0.137502133621495	95	0.100401010631645	726	0.0371011229898495	2.80681304449398
Mien1	Mien1	5.06960E-03	0.00680343737055238	0.268878997954715	MIEN1	0.486208217380288	250	0.403535411067363	2207	0.0826728063129247	2.80257788590378
Hkdc1	Hkdc1	5.46087E-03	0.00730138507381816	0.488664795568456	HKDC1	0.090470658925754	71	0.0644770252120897	483	0.0259936337136643	2.77851080404942
Prcd	Prcd	5.75613E-03	0.00766775673881754	0.557918054610312	NA	0.0676451274858967	53	0.0459500988544875	348	0.0216950286314091	2.76135950487985
Traf1	Traf1	5.92611E-03	0.00786517454741645	0.362488517238341	TRAF1	0.192816528204573	130	0.149976889465334	1020	0.0428396387392394	2.75184175772841
Liph	Liph	5.98704E-03	0.00791693076259518	0.421288740039411	LIPH	0.152602077167415	108	0.113956708724572	799	0.038645368442843	2.74849023508483
Plin2	Plin2	7.05087E-03	0.0092896562436966	0.274142001709141	PLIN2	0.407428651992415	223	0.336919852163338	1876	0.0705087998290768	2.69443182991704
Iah1	Iah1	7.89148E-03	0.0103593552355631	0.263352566779675	IAH1	0.533554075634751	275	0.444530352222913	2330	0.0890237234118381	2.65667809553096
Ttc38	Ttc38	8.94376E-03	0.0116981793388917	0.264061763758071	TTC38	0.345094030627166	205	0.287373644257676	1702	0.0577203863694897	2.61419641611136
Txnrd2	Txnrd2	9.10729E-03	0.011869064052707	0.664748317920329	TXNRD2	0.0529467189505988	40	0.0333987235681186	257	0.0195479953824802	2.6080003030467
Cox6a2	Cox6a2	9.21737E-03	0.0119693203600485	0.284476363532712	COX6A2	0.502721981664114	226	0.412754633072514	1842	0.0899673485916005	2.6038848706082
Gm44090	Gm44090	9.26039E-03	0.0119820875353211	0.578223480088474	NA	0.0506742468963002	37	0.0339410045037892	262	0.016733242392511	2.60228838594054
Krba1	Krba1	9.67181E-03	0.0124697236887976	0.506698500059666	KRBA1	0.0652490028004945	50	0.0459242879624356	338	0.0193247148380589	2.58734721102347
Slc25a1	Slc25a1	1.00948E-02	0.0129687078130137	0.270922355182857	SLC25A1	0.37969703569001	210	0.314688919454533	1784	0.0650081162354766	2.57256650405352
Clip4	Clip4	1.14510E-02	0.0146588822946848	0.268484197062167	CLIP4	0.384965066641384	198	0.319594667858522	1759	0.0653703987828624	2.52862645255021
Fkbp2	Fkbp2	1.24160E-02	0.0158380618274519	0.269221727140487	NA	0.356632448579138	203	0.295921854532063	1682	0.0607105940470744	2.50009537500096
Ramp1	Ramp1	1.29278E-02	0.0164328592150596	0.307227050247069	RAMP1	0.409372911780204	220	0.330852594288731	1857	0.0785203174914739	2.48575234821706
Tle2	Tle2	1.30182E-02	0.0164897749014323	0.398131714889258	TLE2	0.122455995188453	86	0.0929245493749704	662	0.0295314458134826	2.4832698338725
Fam184a	Fam184a	1.31668E-02	0.0166195718306089	0.358298468295343	FAM184A	0.164808491107448	100	0.128564479793828	896	0.0362440113136205	2.47922688695666
Eps8l1	Eps8l1	1.51079E-02	0.0190032929452482	0.379973974128215	EPS8L1	0.133548164670967	98	0.102625281213395	728	0.0309228834575717	2.42978261835553
Renbp	Renbp	1.59403E-02	0.019980670940822	0.264153415472796	RENBP	0.265999596330492	167	0.221494464024562	1445	0.0445051323059294	2.41028053709732
Fam98c	Fam98c	1.64260E-02	0.0205183062137364	0.420142973938726	FAM98C	0.0806228758856933	62	0.0602535511779917	446	0.0203693247077017	2.39930976479447
Pabpn1	Pabpn1	1.79027E-02	0.0222857309808992	0.344349779736609	PABPN1	0.209547446127322	134	0.165052748044703	1074	0.0444946980826195	2.36762513515856
Ubb-ps	Ubb-ps	1.82063E-02	0.022585791147279	0.323464410045344	NA	0.183768831363964	122	0.146858593175671	1028	0.0369102381882933	2.36139605867891
Mrpl14	Mrpl14	1.87150E-02	0.0231373326013534	0.320613590076878	MRPL14	0.250522609191595	166	0.200600780569642	1321	0.0499218286219528	2.35116045595425
Cyp2b10	Cyp2b10	1.96324E-02	0.0241887688484784	0.285814095692919	NA	0.32429704137077	168	0.266013924605739	1292	0.0582831167650309	2.33329942405753
Grk3	Grk3	2.00699E-02	0.0246436878746686	0.274165859479111	GRK3	0.328008873876952	190	0.271239818866449	1614	0.0567690550105028	2.32503799511364
Coq8b	Coq8b	2.02759E-02	0.0248121582133507	0.303850723662873	NA	0.205420146201535	143	0.166408249426629	1126	0.0390118967749062	2.32120350043031
Pacsin3	Pacsin3	2.09001E-02	0.0254896891591711	0.373737101170334	PACSIN3	0.0874242687260303	67	0.0674723645776343	513	0.019951904148396	2.30978368596452
Bex1	Bex1	2.26679E-02	0.0275257787503109	0.45241910396542	BEX1	0.0614622464897069	47	0.0449176171416808	339	0.0165446293480261	2.27898533776543
Arhgef38	Arhgef38	2.27221E-02	0.0275257787503109	0.270956248676457	ARHGEF38	0.515150556278806	258	0.426941345832642	2087	0.0882092104461635	2.2780749744974
Arxes2	Arxes2	2.34314E-02	0.0282900660968862	0.421971459245716	SPCS3	0.0882310261956904	68	0.0658559871328937	482	0.0223750390627967	2.26632675639728
Dop1a	Dop1a	2.41287E-02	0.0290348860837423	0.333651944111941	DOP1A	0.135987289377321	94	0.107909349324333	736	0.0280779400529875	2.25507352376856
Rdh11	Rdh11	2.46876E-02	0.029608673831907	0.289373791632277	RDH11	0.174500473769799	123	0.1427862602949	957	0.0317142134748991	2.24625678925403
Ephb3	Ephb3	2.51831E-02	0.0301030135920134	0.333827746797057	EPHB3	0.134853366832022	97	0.106996514057233	767	0.0278568527747889	2.23858193899332
Ddhd1	Ddhd1	2.80841E-02	0.0333704927293736	0.319208081824519	DDHD1	0.297790801160453	183	0.238682221135424	1476	0.0591085800250291	2.19611009462804
Gm8624	Gm8624	2.81015E-02	0.0333704927293736	0.27606938630746	NA	0.203275719800469	142	0.167872802783193	1159	0.0354029170172766	2.19586695508446
Tnfsf13os	Tnfsf13os	2.87860E-02	0.0340713167857086	0.356515594875837	NA	0.07557247495424	57	0.0590257830660881	438	0.0165466918881519	2.18640462471168
Agpat2	Agpat2	2.96949E-02	0.0350322642458061	0.30811594819336	AGPAT2	0.148671191051898	99	0.120081105686409	857	0.0285900853654891	2.17413579205142
Dipk1b	Dipk1b	3.08778E-02	0.0363090875882016	0.35772030839	DIPK1B	0.115771164009574	85	0.09034744118331	659	0.025423722826264	2.15864380785939
Cpn1	Cpn1	3.19710E-02	0.0374724552059169	0.434653844189395	CPN1	0.0765759343865849	60	0.0566563327357822	435	0.0199196016508026	2.14477352446849
Rasl11a	Rasl11a	3.23132E-02	0.0377509672396795	0.269904424628028	RASL11A	0.294895361065995	170	0.244578689165339	1441	0.0503166719006568	2.14051518714754
Lipg	Lipg	3.24181E-02	0.037751432020077	0.398485926840536	LIPG	0.112652058047833	83	0.0854639405841463	558	0.0271881174636872	2.13921663919498
Tpcn2	Tpcn2	3.47783E-02	0.0403696820410813	0.334145267547703	TPCN2	0.0740474144237676	56	0.0587384050901794	432	0.0153090093335882	2.11093018258707
Pcyt2	Pcyt2	3.62014E-02	0.0418868987702983	0.281626755598232	PCYT2	0.180817038264553	123	0.148751464550316	1036	0.0320655737142376	2.09465784140799
Fabp12	Fabp12	3.70183E-02	0.042564522988828	0.332964151835143	FABP12	0.110672664841244	85	0.0878634334190969	646	0.022809231422147	2.08556168437366
Gm11410	Gm11410	3.70229E-02	0.042564522988828	0.435911430347579	NA	0.0848921123423775	61	0.0627545072934335	473	0.0221376050489441	2.08551165317565
Mesp2	Mesp2	4.14678E-02	0.047523440654705	0.382385841331068	MESP2	0.067939158045714	52	0.052120737502123	398	0.015818420543591	2.0388217358224
Gm37376	Gm37376	4.19474E-02	0.047920947340845	0.583339976949927	NA	0.0535812349320931	35	0.035761019231483	250	0.0178202157006101	2.03404139430446
Oplah	Oplah	4.22859E-02	0.0481552492678405	0.313701985540313	OPLAH	0.130507837315354	95	0.105003284876102	755	0.0255045524392513	2.030695319912
Hes2	Hes2	4.29635E-02	0.0487730166861909	0.520613073995342	HES2	0.0503638218324537	35	0.0351073886838875	244	0.0152564331485661	2.02406476526031
Tmem63b	Tmem63b	4.38540E-02	0.0495499686979212	0.272629010094356	TMEM63B	0.216407439324607	143	0.179144168869893	1180	0.037263270454714	2.01548389620961
Gm47720	Gm47720	4.39224E-02	0.0495499686979212	0.452138302494621	NA	0.0585669302153264	40	0.0428100041413442	319	0.0157569260739822	2.01483052087799
Insyn1	Insyn1	4.49060E-02	0.0505018114103047	0.356331916775864	INSYN1	0.0988720442074992	73	0.077233713722253	567	0.0216383304852461	2.00553350246781
Slc24a4	Slc24a4	4.54322E-02	0.0509348774771202	0.333820886437099	SLC24A4	0.123434919620918	96	0.0979372575244774	701	0.025497662096441	2.00063056135304
1110008P14Rik	1110008P14Rik	4.65454E-02	0.0520213729833291	0.329268594944512	C9orf16	0.170026686113355	116	0.135331023578671	949	0.034695662534684	1.99041318201333
Gpr137b-ps	Gpr137b-ps	4.90663E-02	0.0546695588508872	0.481269805290282	NA	0.059776207356805	46	0.0428204975588957	317	0.0169557097979093	1.96801503626228
Mpdu1	Mpdu1	4.97181E-02	0.0552252893881804	0.377999078458741	MPDU1	0.115953655738166	88	0.0892268136873759	643	0.0267268420507901	1.96238172916368
Grb7	Grb7	5.01480E-02	0.055531945805289	0.271806881777851	GRB7	0.203149863116347	138	0.168265278860696	1155	0.0348845842556508	1.95869972958848
Slc25a10	Slc25a10	5.12943E-02	0.0566276157355744	0.280523996603271	SLC25A10	0.191352629781218	126	0.157539077366717	1068	0.0338135524145011	1.94900969542121
Itga7	Itga7	5.17128E-02	0.0569155733501145	0.337078483928562	NA	0.154753729381043	105	0.122509675422262	845	0.0322440539587806	1.94551717457804
Amdhd2	Amdhd2	5.38592E-02	0.0590977852877113	0.38045428766173	AMDHD2	0.0938507653071197	71	0.0720957502961161	530	0.0217550150110036	1.92796724542847
Gm14328	Gm14328	5.48151E-02	0.0599643718021581	0.413001521041786	NA	0.0612596365816978	50	0.0460096119050365	361	0.0152500246766614	1.92033913051916
Ybey	Ybey	6.36411E-02	0.0694091511479249	0.389362907841751	YBEY	0.0535286909552703	40	0.0408673717483777	302	0.0126613192068926	1.85468601034702
Ggt5	Ggt5	6.66566E-02	0.0724789825686844	0.271246565191645	GGT5	0.144127937175368	104	0.119424881359339	850	0.0247030558160293	1.83398263930391
Mtfp1	Mtfp1	7.11034E-02	0.0770820653027127	0.399880082327811	MTFP1	0.0566818210237864	46	0.0429603583150657	329	0.0137214627087206	1.80481650369059
Romo1	Romo1	7.15617E-02	0.0773466053552595	0.27918624396319	ROMO1	0.122888621405764	94	0.101267068571586	733	0.0216215528341776	1.80189657505118
Ccdc189	Ccdc189	7.32628E-02	0.0789488146567684	0.311902568937149	CCDC189	0.120467249944882	84	0.0970458497860174	686	0.0234214001588648	1.79119037367477
AI480526	AI480526	8.17048E-02	0.0877840211664313	0.393837093116033	NA	0.0853980714725158	59	0.0649966966319444	430	0.0204013748405713	1.74087897224522
Rab26os	Rab26os	8.22176E-02	0.0880728689667035	0.287055681901508	NA	0.103632638588931	77	0.084934509914491	612	0.0186981286744401	1.73796143685625
Trpv6	Trpv6	8.59017E-02	0.0917470331524814	0.389516033586252	TRPV6	0.0583842462001424	46	0.0445696955511568	336	0.0138145506489856	1.71742441266975
Gm4013	Gm4013	8.69877E-02	0.0926328806232147	0.348854708408329	NA	0.0553151714148189	43	0.0434338704048484	329	0.0118813010099704	1.71150643917397
Pfkfb4	Pfkfb4	9.32803E-02	0.0990417782112152	0.307949998391856	PFKFB4	0.112251764610833	82	0.0906757152975324	668	0.021576049313301	1.67834204175638
Syngr1	Syngr1	9.66895E-02	0.102360390850525	0.282939461034528	SYNGR1	0.118516946852708	85	0.0974108179841533	707	0.0211061288685545	1.66111946895922
Il34	Il34	1.00157E-01	0.105721796801087	0.326456939432691	IL34	0.0688452102234394	53	0.0549035465892306	406	0.0139416636342087	1.64409058854489
Slc23a1	Slc23a1	1.00700E-01	0.105984989734988	0.422816306717289	SLC23A1	0.0536388963683586	42	0.0400128459984554	287	0.0136260503699031	1.64146744461445
Baiap3	Baiap3	1.05330E-01	0.110535251308822	0.385570030220643	BAIAP3	0.0547341416954878	40	0.0418976985405682	319	0.0128364431549196	1.61954528979507
Daam2	Daam2	1.07356E-01	0.11233463651114	0.321614857750994	DAAM2	0.0656557846992265	46	0.0525360331151547	390	0.0131197515840718	1.61019260157006
Mpv17l	Mpv17l	1.10037E-01	0.114807310192686	0.264869727932089	MPV17L	0.104873172961319	74	0.0872832029616871	629	0.0175899699996323	1.59802720206773
Bpifb5	Bpifb5	1.12745E-01	0.117293831507519	0.365590332555513	NA	0.076279525904614	57	0.0592044469971005	447	0.0170750789075135	1.58597473785965
Sgsm3	Sgsm3	1.16364E-01	0.120710685883236	0.267763299715998	SGSM3	0.0668536313230308	48	0.0555290466151552	423	0.0113245847078757	1.57022075044289
Gm11512	Gm11512	1.19813E-01	0.123932992688166	0.278560794238913	NA	0.0781976251334913	60	0.0644671407859861	490	0.0137304843475052	1.55555756342256
2310010J17Rik	2310010J17Rik	1.20697E-01	0.124490473044652	0.313822437100268	NA	0.0569941133123617	45	0.0458521848552008	354	0.011141928457161	1.5518541133578
Il17re	Il17re	1.22531E-01	0.126021739568148	0.310557706100793	IL17RE	0.0689589729956908	49	0.0556036882843416	422	0.0133552847113492	1.54423739537171
Fars2	Fars2	1.36876E-01	0.140376026470799	0.277626236169503	FARS2	0.0787004621679977	56	0.0649237292701781	468	0.0137767328978195	1.48752446294517
C1rl	C1rl	1.37383E-01	0.1404967109947	0.332102667188508	C1RL	0.0519652839369232	41	0.0412800714325069	304	0.0106852125044163	1.48560659172789
Slc16a11	Slc16a11	1.40423E-01	0.143199471737832	0.342305749693844	SLC16A11	0.0674413374012455	52	0.0531963550119055	385	0.01424498238934	1.4742185731232
Slc6a20a	Slc6a20a	1.47452E-01	0.149944314602964	0.309802952836135	SLC6A20	0.0815816633169793	61	0.0658161651530321	483	0.0157654981639472	1.4485898216853
AI182371	AI182371	1.87536E-01	0.190170150952849	0.389029069475789	NA	0.0500938516939934	38	0.0382538373156437	289	0.0118400143783497	1.31790271916219
Pigl	Pigl	2.29612E-01	0.232184729012902	0.278847060033827	PIGL	0.0528365859358422	40	0.0435505273693187	328	0.00928605856652356	1.20135881432278
Mvk	Mvk	2.51574E-01	0.253682511069014	0.278271861274622	MVK	0.0661313071879673	49	0.0545304309754666	416	0.0116008762125006	1.14653380964461
Mpst	Mpst	2.56448E-01	0.257876696879552	0.268281976948285	MPST	0.0553151714148189	45	0.0459286140423999	349	0.009386557372419	1.13482650835079
Bub1	Bub1	2.84881E-01	0.285672177637935	0.278658849015761	BUB1	0.0686646616551208	46	0.0566041942015487	379	0.0120604674535721	1.069419150272
Cox7c-ps1	Cox7c-ps1	2.93662E-01	0.293662229191113	0.263313253432962	NA	0.0637385799818321	49	0.0531052180207402	405	0.0106333619610919	1.05012155604399
